customer_id,name,last_name,document_type,document,country,created_at
1,Michele,Gross,CPF,55519053,Perú,2024-04-15 20:40:46
2,Amanda,Howell,DNI,11319776,Argentina,2024-05-23 07:44:47
3,Austin,Mack,CPF,77631713,Argentina,2024-07-20 13:09:27
4,Victor,Oconnor,CC,92507596,Perú,2023-06-13 13:16:37
5,Alexandra,Jordan,RUT,63924128,Colombia,2023-02-17 08:48:51
6,Lee,Wilson,RUT,53718679,Chile,2023-10-28 22:27:38
7,Brian,Austin,RUT,64560791,Chile,2024-05-24 21:02:11
8,Emily,Webb,CPF,78143972,Chile,2023-04-14 10:37:35
9,John,Lewis,RUT,83762024,Colombia,2023-05-28 01:48:24
10,Stephen,Clark,CC,69369323,Argentina,2023-02-04 01:57:36
11,Cynthia,Carter,CPF,41138941,Colombia,2023-09-10 01:02:00
12,Scott,Cooper,RUT,75248426,México,2023-06-13 02:34:32
13,James,Bush,CPF,39137723,Argentina,2023-10-25 12:32:38
14,Alexis,Le,CC,68614752,Chile,2024-07-25 02:59:30
15,Ashley,Martin,DNI,97448028,México,2023-06-22 20:33:01
16,Emily,Nguyen,RUT,11380729,Colombia,2025-01-08 00:50:56
17,Brittney,Trevino,DNI,67766580,Perú,2023-07-27 23:02:11
18,Elizabeth,Campbell,DNI,23751915,Chile,2024-08-29 05:01:09
19,Deanna,King,CPF,28370029,Colombia,2024-04-29 19:17:29
20,Ana,Nelson,CC,54712178,Chile,2023-03-05 20:59:51
21,Raven,Huffman,CPF,23420340,Perú,2023-10-04 19:00:00
22,Heidi,Cantu,RUT,48500578,Chile,2023-11-22 12:20:07
23,Michelle,Hanson,CC,21135854,México,2024-01-04 03:39:01
24,Matthew,Sherman,CC,76110671,Colombia,2023-11-25 22:33:41
25,Christopher,Wolfe,CPF,57897836,Chile,2024-04-25 11:20:34
26,Brandon,Knox,CPF,86152234,Argentina,2023-02-20 08:16:32
27,Jonathan,Fisher,RUT,90282977,Argentina,2023-03-16 23:16:02
28,Jessica,Santos,RUT,47698129,Perú,2024-03-27 21:42:15
29,Marvin,Alexander,RUT,12360438,Colombia,2023-07-20 17:20:18
30,Alexandra,Kerr,RUT,96473197,México,2024-01-17 18:12:49
31,Karen,Stone,RUT,22726342,Perú,2024-02-27 15:42:56
32,Christine,Cook,CC,34680639,México,2024-11-16 23:55:10
33,Peggy,Oliver,CPF,85057909,Perú,2024-04-21 19:02:13
34,Brett,Jones,DNI,20823441,Argentina,2024-11-03 00:47:05
35,Patricia,Moore,RUT,31082974,Perú,2024-09-01 03:53:00
36,Mary,Hatfield,RUT,63239558,México,2023-10-16 00:23:16
37,Richard,Williams,RUT,24916274,México,2023-07-05 17:44:20
38,Nicole,Davis,RUT,84959699,Perú,2024-05-25 12:53:12
39,Sheena,Perkins,CC,94590827,Chile,2023-11-16 14:04:14
40,Duane,Clark,RUT,32332946,Perú,2024-02-07 06:57:22
41,James,Santana,CC,16850488,Argentina,2025-01-16 22:14:17
42,Omar,Ramirez,DNI,21598751,Argentina,2023-07-29 10:52:16
43,Anthony,Daniels,CC,75162798,Perú,2023-01-26 12:39:35
44,Michael,Williams,RUT,22883482,Colombia,2023-06-14 09:55:13
45,Sierra,Alvarado,CPF,64624936,Colombia,2023-11-30 07:09:16
46,Christopher,Johnston,DNI,95762202,México,2024-12-18 01:15:00
47,Alexa,Brown,CC,28255327,Perú,2023-08-25 03:11:26
48,Michael,Mckenzie,RUT,62284715,México,2023-08-04 19:10:28
49,Alan,Martinez,DNI,25614393,México,2023-03-24 20:18:56
50,Patricia,Valencia,CPF,38772469,Perú,2024-08-11 16:14:00
51,Nancy,Luna,DNI,18712913,Argentina,2024-10-28 17:45:24
52,Jack,Hill,CPF,74609149,Chile,2024-06-11 14:08:02
53,Travis,Noble,DNI,87634168,Chile,2023-03-29 14:44:51
54,Kaylee,Peters,RUT,87290759,México,2023-05-16 01:43:05
55,Randall,Manning,RUT,73282544,Chile,2023-06-10 23:28:27
56,Hayden,Smith,CPF,96574010,Perú,2023-12-31 04:50:54
57,Michael,Kelly,RUT,95526476,Chile,2024-10-27 17:53:20
58,Sean,Williams,CPF,52121079,Perú,2023-12-07 02:07:31
59,Brian,Turner,DNI,47760888,Argentina,2023-02-27 06:44:27
60,Robert,Guerrero,RUT,90055862,México,2024-10-20 05:19:16
61,Michael,King,DNI,95421502,Colombia,2024-03-30 07:55:13
62,John,Atkins,CPF,38659007,México,2024-07-08 06:51:53
63,Rachel,Martinez,RUT,70893013,Colombia,2023-09-05 19:54:16
64,Elizabeth,Allen,DNI,20048308,México,2023-08-08 17:53:31
65,Kimberly,Clark,CPF,59003175,Chile,2024-01-27 21:50:13
66,Scott,Brewer,RUT,80809713,Colombia,2023-07-21 09:03:00
67,William,May,DNI,46219896,Perú,2023-11-01 19:04:58
68,Amy,Glover,DNI,61918481,Chile,2023-06-09 17:44:47
69,Stacy,Williamson,RUT,63103566,Perú,2023-12-17 13:54:40
70,Jack,Kennedy,CPF,20074076,Perú,2023-12-26 03:42:09
71,Kevin,Conner,DNI,97355184,Perú,2023-07-10 01:18:51
72,Valerie,Walker,RUT,20682812,México,2023-04-04 08:52:28
73,Cassandra,Hall,CPF,87750924,Argentina,2024-10-12 07:00:07
74,Teresa,Torres,CC,77324748,Colombia,2025-01-12 19:58:49
75,Sarah,Williams,RUT,67580405,Chile,2023-05-04 09:29:04
76,Amanda,Sanchez,DNI,48125923,Perú,2024-03-30 11:19:03
77,Crystal,Bradley,CPF,56238545,Chile,2024-01-12 16:19:03
78,David,Hobbs,CPF,82402796,Chile,2024-01-17 20:38:09
79,Bianca,Odonnell,CPF,53918889,Chile,2024-07-18 04:12:49
80,Keith,Whitney,CPF,63376573,Argentina,2024-05-23 23:05:26
81,Tabitha,Cook,DNI,82885617,México,2025-01-08 16:27:27
82,Jacob,Cooley,RUT,44129514,Colombia,2024-05-05 19:51:28
83,Nicholas,Collins,RUT,89323426,Perú,2023-02-11 20:32:22
84,Zachary,Ellis,DNI,11851650,México,2023-06-05 16:51:32
85,William,Johnson,RUT,13849771,Argentina,2023-01-25 15:08:17
86,Andrew,Fox,RUT,11588219,Chile,2023-01-26 20:20:46
87,Natalie,Johnson,RUT,59536883,Colombia,2024-09-26 03:01:39
88,Austin,Adams,CC,20792138,Argentina,2024-06-29 21:09:48
89,Kylie,Jordan,RUT,32091890,Perú,2024-07-23 23:48:51
90,Kenneth,Martin,CPF,94175752,México,2023-06-16 12:39:36
91,Jason,Gonzalez,RUT,50314776,México,2023-03-11 00:21:52
92,Brett,Garcia,CPF,47039064,Colombia,2023-05-18 02:18:05
93,Patrick,Lee,CC,76758514,Argentina,2023-05-21 10:13:18
94,Kevin,Harvey,RUT,53778744,México,2024-03-22 17:30:16
95,Alexander,Mercer,RUT,35227379,Argentina,2023-06-14 04:29:16
96,Melissa,Palmer,CPF,42817023,Colombia,2023-12-30 16:13:43
97,Jesse,Robinson,DNI,30521334,México,2025-01-10 04:49:30
98,Christopher,Spencer,CC,19487486,Argentina,2023-09-29 02:26:18
99,Robert,Arellano,RUT,53548580,Argentina,2023-11-27 19:46:17
100,Elizabeth,Torres,RUT,38089301,Colombia,2024-04-17 13:14:23
101,Amanda,Hill,RUT,94802309,Argentina,2024-03-10 06:45:18
102,Brianna,Torres,DNI,84139320,Chile,2024-07-23 05:34:08
103,Julie,Morgan,CC,62375564,Perú,2024-09-15 07:23:29
104,Theresa,Mendoza,CC,13372193,México,2024-03-25 02:48:23
105,Tracy,Jones,RUT,23137480,Argentina,2024-11-23 11:48:08
106,Meghan,Blankenship,DNI,39239615,México,2023-06-30 07:07:02
107,Katherine,Clayton,CC,43675187,Colombia,2023-04-08 12:31:03
108,John,Harris,CC,11454575,Chile,2023-02-09 10:45:31
109,Wendy,Walker,DNI,46065551,Chile,2024-02-07 02:52:45
110,Craig,Carlson,RUT,95987503,Colombia,2025-01-20 03:53:56
111,Michael,Boyd,CC,69648741,Argentina,2024-08-23 12:17:27
112,Mary,Gonzalez,DNI,55431910,Argentina,2024-02-10 11:30:53
113,Travis,Hardy,CPF,64985947,Colombia,2024-03-25 21:26:13
114,Kimberly,Scott,RUT,52123668,Colombia,2024-06-19 14:38:33
115,Lisa,Hogan,CPF,66909829,Chile,2023-06-07 00:00:04
116,Thomas,Jensen,RUT,68033356,Argentina,2023-10-23 09:44:10
117,David,Hensley,CPF,69919654,Colombia,2023-10-14 08:53:59
118,Lori,Robinson,CC,34967054,Perú,2023-04-18 12:14:24
119,Evan,Greer,DNI,79012894,Argentina,2023-07-31 11:18:21
120,James,Faulkner,DNI,16378031,México,2023-08-29 03:40:39
121,Christine,Murray,RUT,36445671,Perú,2023-09-24 13:45:52
122,Brenda,Hansen,RUT,23060438,Argentina,2023-02-10 01:46:36
123,Justin,Fernandez,RUT,94920871,Argentina,2023-02-11 23:26:22
124,Troy,Gallagher,CC,63638530,Chile,2023-07-17 17:47:31
125,Tyler,Davis,CC,84901747,Perú,2023-09-01 04:15:42
126,Donald,Crawford,CPF,49933998,México,2024-01-03 23:46:50
127,Kathy,Bentley,DNI,65039109,Perú,2024-09-10 08:27:33
128,Timothy,King,CC,85746857,Argentina,2024-05-03 19:35:04
129,Manuel,Clark,RUT,20636470,Perú,2024-06-21 09:53:51
130,Beth,Roth,CPF,67594685,Chile,2024-06-13 16:35:26
131,Wayne,Lewis,DNI,88657366,Perú,2024-09-01 01:28:29
132,Seth,Allison,DNI,48995631,Perú,2023-07-18 22:06:09
133,Alyssa,Garcia,CPF,49643512,Perú,2023-07-10 05:04:50
134,Sara,Wilson,DNI,64608703,Colombia,2023-04-26 22:57:50
135,Kaylee,Spencer,CC,29066717,México,2023-08-22 22:01:27
136,Michael,Johnson,RUT,91423654,México,2024-09-29 10:09:47
137,Andrew,Rasmussen,CC,34455057,Argentina,2023-08-22 21:48:25
138,Jennifer,Mcdaniel,CC,25805073,Argentina,2024-12-17 11:40:36
139,Sean,Sanders,CC,74621992,Perú,2024-03-05 21:31:21
140,Charles,Thomas,DNI,15584459,Chile,2024-02-28 09:25:35
141,Michelle,Luna,CC,37477174,Colombia,2023-01-31 13:59:36
142,Christopher,Sanders,DNI,43385634,Perú,2024-06-14 01:07:16
143,John,Davis,CPF,98974472,Argentina,2023-10-28 13:59:36
144,Joshua,Griffin,RUT,44199918,Argentina,2023-05-27 08:09:34
145,Edward,Oconnell,CPF,21676129,Argentina,2024-06-18 14:32:18
146,Gary,Johnson,CC,98486134,Perú,2024-09-13 22:58:03
147,Sean,Peterson,DNI,12213535,Colombia,2023-11-05 03:09:21
148,Ana,Owens,CC,46772616,Argentina,2024-10-19 11:15:22
149,David,King,RUT,85393754,Colombia,2023-06-28 02:51:54
150,Marissa,Daniels,CPF,92685341,Argentina,2024-02-14 11:18:00
151,Michelle,Phillips,CC,33983599,México,2024-08-27 01:57:03
152,Laura,Santos,DNI,48104735,Chile,2023-07-19 03:44:22
153,Julie,Davis,RUT,16875597,Chile,2023-05-18 05:17:45
154,John,Padilla,CPF,86010250,Perú,2024-09-08 18:36:51
155,Rebecca,Frost,CPF,53989212,Colombia,2024-09-19 23:18:00
156,Robert,Johnson,CPF,98496915,México,2024-01-22 22:58:20
157,Sharon,Farley,CC,74788406,Perú,2023-04-13 18:44:14
158,Dennis,Barron,DNI,86179286,Perú,2024-10-13 18:57:36
159,Nancy,Chapman,RUT,39685312,México,2023-10-29 19:03:51
160,Timothy,Daniel,CPF,21020453,México,2024-03-10 11:27:36
161,Sabrina,Mccormick,RUT,86114281,Chile,2023-10-05 01:47:48
162,Donald,Finley,CPF,96995054,México,2024-04-01 14:21:07
163,Samantha,Lawson,CC,81462518,Perú,2023-07-03 23:59:15
164,Jared,Jones,CC,41883374,México,2024-08-12 23:13:54
165,Daniel,Dodson,CPF,37805506,Chile,2024-06-21 01:48:22
166,Deborah,Williams,CPF,28552663,Chile,2023-05-17 06:35:12
167,Sheila,Guerrero,CPF,40150304,Argentina,2023-03-17 16:33:51
168,Michael,Lopez,CPF,66717811,Colombia,2024-08-18 20:15:06
169,Frederick,Ellis,RUT,55789552,Chile,2023-08-25 18:52:11
170,Gregory,Allison,RUT,79949650,Chile,2023-05-02 05:17:25
171,Patrick,Ryan,CPF,60784715,Perú,2024-06-15 10:24:09
172,Anthony,Bradford,CC,25860011,Perú,2024-08-23 06:24:10
173,Amber,Parker,CC,91679104,Argentina,2023-06-27 21:05:19
174,Joseph,Hamilton,DNI,56767588,Colombia,2024-09-20 03:06:08
175,Scott,Krueger,DNI,39597507,Colombia,2023-12-29 09:02:45
176,Lindsay,Hull,CC,75335266,Chile,2024-02-09 17:17:09
177,Ebony,Diaz,DNI,69843808,Colombia,2024-10-12 11:48:30
178,Ricardo,Miller,DNI,68573414,Chile,2023-07-05 06:55:49
179,Frank,Martin,CC,52015629,Colombia,2024-06-12 13:49:41
180,Donald,Simmons,CC,96764996,Chile,2024-12-29 12:52:35
181,Seth,Peck,CC,40363283,Perú,2024-01-28 08:53:20
182,Christopher,Mendez,RUT,43244985,Chile,2023-06-28 16:01:42
183,Angela,Tucker,CPF,98780601,Colombia,2023-07-01 14:15:16
184,Michael,Bass,CC,62073472,Colombia,2024-10-31 13:43:22
185,Phyllis,Liu,DNI,64258695,Perú,2024-09-05 21:45:48
186,Tony,Nelson,DNI,87563121,Colombia,2023-06-15 02:53:48
187,Kathleen,Cooper,DNI,67954125,México,2024-02-22 10:22:54
188,Heather,Gordon,RUT,57760366,México,2025-01-07 11:24:39
189,Andrew,Nixon,CC,99464864,Chile,2024-02-26 10:54:14
190,Janice,Russo,DNI,39197938,México,2024-08-12 15:42:31
191,Brad,Clayton,DNI,69183751,Perú,2023-05-16 21:15:48
192,Ashley,Vasquez,DNI,89382613,Perú,2024-02-17 02:13:50
193,Rodney,Peters,CPF,42892602,Perú,2024-05-12 10:24:49
194,Gary,Weeks,DNI,64145540,Colombia,2023-12-15 03:31:34
195,Andrew,Callahan,CPF,38693311,México,2023-06-25 22:23:29
196,Jessica,Morales,RUT,67002738,Perú,2024-01-07 15:08:19
197,Amanda,Hernandez,CPF,32636313,Colombia,2024-09-10 08:14:23
198,Juan,Baker,CC,84914107,Perú,2024-06-07 07:12:34
199,James,Cooper,DNI,90342227,México,2023-10-18 18:29:51
200,Timothy,Jacobs,DNI,89359652,México,2024-10-22 22:57:32
201,Bradley,Watson,DNI,82880539,México,2024-10-03 03:46:34
202,Andrew,Tucker,RUT,76820015,Argentina,2025-01-16 08:04:20
203,David,Lawrence,DNI,30472526,Chile,2024-01-26 23:31:18
204,Kathleen,Parker,RUT,17693912,México,2023-04-07 20:03:16
205,Samantha,Miller,CC,24996551,Argentina,2024-01-17 04:20:07
206,Chad,Carter,CC,94304497,Perú,2024-05-09 02:12:07
207,Micheal,Avery,RUT,10814080,Colombia,2023-09-13 18:14:42
208,Amanda,Davis,CPF,16725915,Chile,2023-07-31 08:48:37
209,Kimberly,Keller,CPF,42775648,Chile,2024-01-10 15:27:27
210,Lisa,Coleman,DNI,68961526,Chile,2023-10-05 04:49:39
211,Adam,Dunn,CC,69945851,Perú,2023-07-19 17:51:41
212,Shelly,Walker,CC,67093515,Perú,2024-01-13 01:29:50
213,Tracy,Osborn,RUT,38192611,Chile,2025-01-05 18:59:14
214,Jacqueline,Peterson,RUT,99825664,Colombia,2023-08-04 11:47:42
215,Pamela,Sandoval,CC,34368936,Argentina,2023-02-18 15:55:45
216,Christina,Hall,DNI,95777172,México,2024-12-01 16:26:10
217,Nicole,Fowler,CPF,16980676,México,2024-05-14 20:58:38
218,Jacob,Ritter,DNI,99302389,México,2024-08-08 19:57:42
219,Amy,Horton,CC,65768844,Perú,2023-07-29 23:50:49
220,Vanessa,Taylor,CC,63739003,Argentina,2024-09-24 00:39:20
221,Elizabeth,Melton,CC,23106051,México,2023-08-13 14:45:06
222,Keith,Hernandez,RUT,11414327,Argentina,2023-11-09 12:00:11
223,Andrea,Garcia,CC,14473695,Perú,2024-02-11 23:24:39
224,Jennifer,Arellano,CPF,52637114,Argentina,2024-01-17 13:51:22
225,Alan,Reeves,RUT,81729998,México,2023-08-31 02:45:52
226,Wesley,Thomas,CPF,36159969,Colombia,2023-02-21 21:51:12
227,Susan,Calhoun,RUT,16484313,México,2023-10-19 18:16:56
228,Krystal,Snyder,CPF,71810333,Colombia,2024-02-15 03:57:59
229,Renee,Ramos,CPF,58417703,México,2024-02-07 20:21:12
230,Mary,Hall,RUT,60327799,Colombia,2024-06-02 00:12:09
231,Jacob,Clark,RUT,57085544,México,2024-04-20 10:30:11
232,Danielle,Chaney,CC,49583456,México,2024-11-22 09:42:46
233,Megan,Gibson,CC,50491172,Argentina,2023-06-10 11:48:39
234,Leah,Pruitt,CPF,56922841,Perú,2023-01-26 07:51:30
235,Charles,Brown,RUT,43749793,Perú,2024-07-16 12:13:57
236,Jeremy,Barnett,RUT,58351583,Colombia,2023-04-24 05:32:17
237,Robert,Sullivan,DNI,45103843,Argentina,2024-10-24 15:26:48
238,Jesus,Williams,RUT,61934580,Chile,2024-09-20 07:46:03
239,Edward,Turner,CPF,20810491,Chile,2024-10-06 02:35:11
240,Raymond,Jensen,CPF,82274530,Argentina,2023-08-16 17:01:42
241,Cynthia,Miller,RUT,63612543,Colombia,2024-07-03 03:05:06
242,Mark,Wiggins,CPF,74227738,México,2023-12-21 22:58:09
243,Mary,Johnson,CC,30551984,Perú,2023-02-19 12:41:52
244,Kathleen,Morrow,DNI,81014673,Chile,2024-10-19 03:01:42
245,Robert,Lee,CPF,44013568,México,2024-09-03 09:02:35
246,Priscilla,Carpenter,RUT,56793738,México,2023-12-25 01:43:25
247,Richard,Gonzalez,CPF,22422985,México,2023-11-05 12:12:47
248,Emily,Graham,RUT,67023006,México,2023-11-23 20:10:39
249,Seth,Bryan,CPF,15533700,Perú,2024-07-27 00:20:07
250,Margaret,Valentine,RUT,22906767,Perú,2024-11-08 02:03:14
251,Deborah,Thompson,CC,60270605,Argentina,2023-05-10 03:30:03
252,Benjamin,Daniels,CPF,21751295,México,2023-03-04 16:43:50
253,Jessica,Frank,CC,98832252,Colombia,2023-09-10 15:32:42
254,Jaime,Arnold,CPF,70886999,Chile,2025-01-04 14:05:19
255,Morgan,Hernandez,DNI,12620875,Argentina,2024-05-23 12:51:42
256,Ricardo,Mckinney,CC,33336478,México,2024-09-29 09:29:30
257,Heidi,Colon,CC,76056518,Chile,2024-11-08 10:42:40
258,Cody,Pugh,CPF,97992145,Argentina,2023-04-09 21:39:06
259,Carlos,Lee,RUT,63335773,Colombia,2023-08-04 17:17:38
260,Daniel,Lee,CPF,55988850,Perú,2024-03-26 14:15:21
261,Carly,Sanchez,DNI,11191609,México,2023-08-06 13:51:54
262,Jacqueline,Allen,DNI,21685627,México,2023-12-30 20:01:29
263,James,Peterson,DNI,11477082,México,2024-01-21 05:30:02
264,Stacey,Glenn,RUT,94233179,México,2023-04-17 12:12:09
265,Donna,Green,CC,24921434,Argentina,2023-09-20 01:31:43
266,Heather,Patel,CC,22661651,México,2025-01-04 14:12:51
267,Sara,Grant,CC,82470165,Chile,2023-08-19 23:38:52
268,Scott,Phelps,RUT,22783376,Colombia,2023-07-08 08:57:13
269,Eric,Scott,RUT,96210561,Colombia,2023-12-31 06:31:47
270,Zachary,Wilson,RUT,39474376,Perú,2024-10-22 01:21:10
271,Brian,Fitzgerald,CPF,41731079,Argentina,2023-02-07 16:24:13
272,Nicole,Gonzalez,CPF,95044116,Perú,2024-10-22 08:57:27
273,Savannah,Baker,DNI,93975600,Argentina,2024-05-30 07:46:37
274,Stephanie,Gonzalez,CPF,85878431,Argentina,2024-10-13 00:54:12
275,Nicholas,Wilson,CPF,70472847,Chile,2023-02-16 17:24:11
276,Erika,Miller,RUT,41861841,México,2023-09-12 09:38:38
277,Edward,Sanchez,RUT,83482079,Perú,2024-04-11 08:38:20
278,Leonard,Galloway,CC,17220752,Chile,2024-01-19 04:39:27
279,Carolyn,Lozano,CC,96380636,Chile,2023-05-20 10:51:50
280,Erica,Johnson,CC,30760814,Argentina,2024-08-26 07:32:50
281,Allen,Hart,CC,73897120,Argentina,2024-10-26 07:49:55
282,Timothy,Merritt,RUT,62064161,Chile,2023-10-10 21:35:42
283,Christine,Baker,CC,83261724,Chile,2024-06-28 16:45:45
284,Stacy,Hicks,RUT,30693629,Colombia,2023-08-19 15:20:15
285,Jordan,Gill,RUT,17260786,Perú,2023-07-03 15:22:27
286,Carolyn,Yu,CPF,73155710,México,2024-04-28 22:55:47
287,Renee,Brown,CPF,83793380,México,2024-08-09 06:18:19
288,Kevin,Richmond,DNI,56680831,Perú,2023-11-20 15:44:40
289,William,Fitzgerald,CC,50340614,Argentina,2024-12-12 02:02:37
290,John,Meyer,CC,95328233,Perú,2024-10-28 05:09:59
291,Brandon,Wheeler,RUT,44888793,Argentina,2023-06-20 04:49:22
292,Howard,Edwards,DNI,90933644,México,2023-07-16 05:04:59
293,Jade,Edwards,CPF,85791578,México,2024-04-26 05:45:50
294,Sharon,Weaver,DNI,34389334,Colombia,2024-05-27 23:11:06
295,Bryan,Bradley,RUT,44304636,Colombia,2023-10-16 13:22:24
296,John,Cook,RUT,29926921,Chile,2024-09-24 10:37:37
297,Michelle,Rios,RUT,71098015,Chile,2024-10-15 13:29:06
298,Kenneth,Hamilton,CC,57921323,Colombia,2024-01-06 07:15:52
299,Rebecca,Wood,CPF,44100228,México,2024-12-02 03:41:39
300,Ralph,Gonzales,RUT,27055793,Argentina,2024-05-01 01:44:30
301,Elizabeth,Pierce,CC,57727337,México,2024-12-09 06:13:47
302,Jeremy,Robinson,RUT,94027574,México,2025-01-22 09:41:34
303,Christina,Turner,CC,70757101,Perú,2023-02-09 16:16:26
304,Briana,Garcia,CPF,36693343,Perú,2023-06-04 15:35:20
305,Kaitlin,Ray,CC,34403017,Argentina,2024-12-06 18:51:34
306,Michael,Harris,CC,10264491,Colombia,2024-03-27 17:42:15
307,Debra,Myers,CPF,67030638,Colombia,2023-06-21 13:38:10
308,Erica,Perry,CPF,44153988,Chile,2023-12-12 17:04:36
309,Gina,Turner,DNI,57978498,México,2023-12-03 06:19:15
310,Anthony,West,DNI,66992087,México,2023-08-17 01:25:29
311,Reginald,Adams,RUT,86085122,Perú,2023-07-07 11:07:45
312,Steven,Jones,RUT,79038373,México,2023-06-16 03:55:01
313,William,Villarreal,CPF,16787284,México,2024-07-22 17:02:13
314,Brenda,Ramos,DNI,95441795,México,2024-06-24 09:07:43
315,Diana,Martin,RUT,41088863,México,2023-05-26 14:03:34
316,Danny,Stein,CPF,48178306,Perú,2024-05-22 15:23:02
317,Craig,Long,DNI,65039899,Chile,2023-10-07 08:46:13
318,Teresa,Reid,RUT,60356687,Perú,2023-11-20 00:18:59
319,Sonya,Beck,RUT,74102170,Argentina,2024-05-04 04:03:21
320,Tommy,Lawson,DNI,36960309,Chile,2023-10-26 20:26:48
321,Savannah,Mullins,DNI,30675062,Argentina,2023-07-15 04:07:09
322,Corey,Lee,CPF,21990921,Colombia,2024-02-17 18:39:59
323,Lori,Perez,CC,61117639,Colombia,2024-04-18 14:34:05
324,Melissa,Smith,CPF,54152361,México,2024-12-16 11:35:01
325,Chad,Beasley,DNI,65829911,México,2023-06-07 05:01:44
326,Felicia,Moore,DNI,85492338,Argentina,2023-11-23 18:01:03
327,Patrick,Burch,RUT,83923470,Perú,2023-02-11 07:51:31
328,Alyssa,Bautista,RUT,82709398,Colombia,2024-05-20 00:38:39
329,Crystal,Ballard,CC,39424219,Chile,2024-05-11 04:44:42
330,Vickie,Bird,CPF,66562164,Colombia,2023-10-02 14:09:32
331,Ashley,Wilcox,CPF,35418602,Argentina,2024-02-20 03:01:57
332,Nathan,Johnson,CPF,45823624,Perú,2023-08-20 09:18:15
333,Brian,Davis,DNI,63155356,Argentina,2024-10-27 22:09:54
334,Olivia,Clay,RUT,62371770,Perú,2024-09-16 12:36:06
335,Joshua,Taylor,DNI,95776018,México,2024-11-18 13:00:48
336,Terri,Jones,RUT,71327115,Perú,2025-01-13 03:01:27
337,Erin,Brown,CC,14225202,Argentina,2023-11-07 19:55:37
338,Douglas,Perez,CPF,54356427,Perú,2023-03-08 15:24:47
339,Scott,Glass,CPF,39109851,Perú,2023-12-31 01:22:49
340,Jenna,Valdez,CPF,27051864,Perú,2023-07-21 11:13:23
341,Jeremy,Underwood,RUT,14427863,Perú,2023-04-30 15:06:30
342,James,Gonzalez,RUT,20600611,Argentina,2024-09-08 02:56:50
343,Laura,Butler,CPF,70888720,México,2024-11-26 08:31:47
344,Lorraine,Reid,RUT,81084469,México,2024-01-03 21:51:02
345,Arthur,Holt,DNI,39710924,Perú,2024-10-10 12:30:13
346,Alexis,Alexander,DNI,60633207,Colombia,2023-07-19 10:42:39
347,Patrick,Lawrence,DNI,83722775,Argentina,2023-09-16 08:55:35
348,Allen,Gates,CC,11588724,Argentina,2023-10-06 22:36:40
349,Sarah,Wood,CPF,24864254,Chile,2024-06-29 21:04:06
350,Lydia,Parks,CPF,55326651,Colombia,2024-03-18 17:34:43
351,Tina,Lane,DNI,46859167,Colombia,2023-08-21 10:41:46
352,Gwendolyn,Sanders,DNI,70135849,Perú,2023-02-14 19:14:31
353,Michael,Espinoza,DNI,77958100,Chile,2023-04-01 15:47:29
354,Christine,Sutton,CPF,83714262,Chile,2023-01-30 14:21:57
355,Debbie,Norton,DNI,15318328,México,2024-06-21 21:20:10
356,Ashley,Torres,CPF,65969858,Perú,2024-01-25 18:57:13
357,Robert,Reed,DNI,18687178,Argentina,2024-05-08 12:19:14
358,Jennifer,Bishop,CC,37419196,Argentina,2023-09-12 12:35:36
359,Nicole,Wiley,RUT,79587865,Colombia,2024-09-18 01:55:41
360,Phillip,Johnson,DNI,45229264,Perú,2023-02-05 01:25:28
361,Sarah,Gallegos,CPF,74196389,Chile,2024-02-19 22:37:30
362,Betty,Miller,CPF,24128509,Colombia,2024-04-03 08:33:53
363,Mark,Williams,CPF,48317185,México,2024-01-05 17:59:17
364,Jamie,Lowe,DNI,96561453,Chile,2024-03-26 06:46:59
365,Joshua,Porter,CPF,56420796,Chile,2024-07-08 20:14:22
366,Javier,Suarez,CC,40294221,Colombia,2024-11-18 11:53:13
367,Brittany,Gonzalez,DNI,23076368,Chile,2024-03-03 02:22:47
368,Darren,Rogers,RUT,82326530,Perú,2024-04-23 12:05:39
369,Nichole,Porter,CC,13171101,Chile,2023-09-21 21:39:41
370,Stefanie,Perez,CC,17205589,México,2024-01-09 17:11:34
371,Sharon,Williams,CC,93707295,Chile,2023-10-08 09:22:55
372,Steven,Edwards,RUT,68693242,Perú,2024-02-28 15:14:49
373,Lauren,Woodard,CPF,37216720,Perú,2024-10-04 01:29:55
374,John,Wyatt,DNI,97966769,Colombia,2023-12-18 23:54:37
375,James,Barnett,CC,44561452,México,2023-06-04 11:19:40
376,Leslie,Cameron,DNI,78777999,Chile,2024-03-06 21:21:08
377,Jennifer,Nunez,CPF,53573530,Colombia,2023-03-20 00:18:41
378,Juan,Williams,DNI,45316767,Chile,2024-03-20 18:39:08
379,Deborah,Decker,CPF,99597832,Argentina,2023-07-09 13:58:02
380,Spencer,Williams,DNI,25372802,Colombia,2024-08-17 03:47:24
381,Kristen,Macdonald,DNI,87042456,Colombia,2023-06-23 03:56:35
382,Steven,Dunn,CC,82734931,Argentina,2024-02-01 03:31:14
383,Donna,Hoover,DNI,99077532,Perú,2023-08-15 19:36:54
384,Jason,Ingram,CPF,36961969,México,2023-10-15 15:43:28
385,Charles,Hughes,DNI,51933565,Argentina,2024-12-01 00:50:17
386,Timothy,Barr,DNI,57387315,Chile,2024-12-31 19:22:52
387,Brittany,Pratt,DNI,43587832,México,2023-09-04 19:56:56
388,Raymond,Conley,CPF,74239582,Colombia,2024-03-07 08:02:45
389,Michael,Gardner,RUT,70705459,Colombia,2023-10-27 05:11:14
390,Matthew,Woods,CC,74594686,Perú,2023-02-21 10:56:38
391,Herbert,Gray,DNI,65920399,Argentina,2024-10-26 22:45:42
392,Alyssa,Osborne,CC,25859352,Colombia,2024-11-28 11:57:45
393,Rachel,Rasmussen,CC,98303413,Colombia,2024-10-19 14:29:23
394,Katherine,Smith,DNI,20979960,Perú,2024-02-22 17:34:17
395,Matthew,Morris,RUT,20957784,Argentina,2024-06-11 05:58:09
396,Sherry,Torres,CPF,42402614,Perú,2024-08-31 06:19:59
397,Catherine,Smith,CPF,91358511,Perú,2024-04-13 22:44:51
398,Diana,Lee,RUT,34028214,Chile,2023-03-18 08:34:17
399,Nathaniel,Robles,DNI,89616911,México,2024-05-23 16:32:36
400,Donna,Brown,DNI,59048135,Colombia,2024-09-21 23:13:00
401,Kathy,Nichols,RUT,53345990,México,2024-02-11 19:08:15
402,Robert,Cox,RUT,94531470,México,2024-03-10 10:55:50
403,James,Walker,DNI,22865805,Argentina,2024-05-07 08:44:46
404,Heather,Cherry,CC,39629274,Chile,2024-03-31 09:23:26
405,Christopher,Marshall,CPF,25757629,México,2024-10-12 04:14:43
406,Jeffrey,Turner,DNI,16876635,Perú,2024-01-30 05:19:52
407,Antonio,Mckay,CC,68618394,Perú,2023-07-08 19:11:02
408,Kevin,Wilson,CPF,32275712,México,2024-02-01 16:01:16
409,Cynthia,Harris,RUT,69678333,México,2023-04-19 11:25:29
410,Danielle,Rasmussen,CPF,87991647,Chile,2024-02-28 07:48:58
411,Gabriel,Sutton,CPF,92129094,México,2023-10-23 08:00:34
412,Julia,Graves,DNI,75576336,México,2023-03-19 20:19:44
413,Ivan,Simmons,DNI,72025934,Argentina,2024-10-25 01:02:39
414,Edward,Nelson,DNI,70744983,Colombia,2024-03-15 19:48:24
415,Stephen,Miller,RUT,34661100,Colombia,2024-03-03 10:25:59
416,Jesus,Caldwell,DNI,87501901,Argentina,2023-09-04 09:23:09
417,Kristy,Sexton,RUT,53806223,Chile,2024-11-24 12:20:50
418,Jason,Davidson,RUT,98237605,Colombia,2023-10-09 21:07:45
419,Emily,Santiago,CPF,30071623,México,2023-02-08 16:45:33
420,Douglas,Jackson,RUT,70688725,Chile,2024-07-03 19:02:12
421,Christian,Phelps,CC,33188371,Perú,2023-09-12 21:34:13
422,Andrew,Thomas,RUT,80999069,Perú,2023-08-11 03:17:16
423,George,Howard,DNI,86873766,Argentina,2023-02-11 18:41:05
424,Kristen,Hayes,CC,23613883,México,2024-03-16 08:11:25
425,Natalie,Boyd,DNI,79161372,Perú,2023-07-01 22:51:15
426,David,Benton,RUT,68579653,Argentina,2024-01-22 12:04:07
427,Mercedes,Brown,DNI,16694710,Argentina,2024-03-29 22:04:40
428,Monica,Logan,DNI,66259183,Chile,2023-03-11 09:53:00
429,Glenn,Estrada,CC,80347156,Chile,2023-08-26 13:41:58
430,Nicole,Johnson,CPF,85632444,Perú,2023-11-20 22:54:36
431,Sarah,Nguyen,CC,40848963,Argentina,2023-08-24 03:38:54
432,Tami,Huber,CC,35551138,Chile,2023-07-10 07:49:03
433,Jeffrey,Hughes,CC,78345454,Colombia,2024-03-22 00:09:22
434,Jenna,Robinson,RUT,30782826,Chile,2024-01-17 19:25:59
435,Renee,Chapman,CPF,39070089,Argentina,2024-01-06 01:55:05
436,Donna,Romero,CPF,88074315,Perú,2024-11-10 07:43:33
437,David,Fisher,RUT,71736716,Argentina,2023-07-15 18:33:27
438,Rodney,Cook,CPF,93633981,Chile,2024-07-31 22:14:56
439,Andrew,Gutierrez,DNI,33916302,Perú,2024-11-05 05:03:36
440,Teresa,Lopez,CPF,99579101,México,2025-01-15 05:38:04
441,Teresa,Guzman,CPF,56682465,Perú,2024-04-07 22:05:11
442,Jeffrey,Davila,RUT,86181895,Colombia,2023-08-27 20:15:12
443,Taylor,Carr,RUT,20763104,Perú,2024-12-21 04:19:08
444,James,Rose,RUT,99118039,México,2023-09-25 20:31:07
445,Debra,Price,DNI,20179033,Perú,2023-11-10 16:21:15
446,Emily,Stone,CC,76848928,Colombia,2023-11-04 01:21:18
447,Stephanie,Willis,DNI,66800192,Argentina,2023-08-16 13:01:54
448,Barbara,Johnson,RUT,86000089,México,2023-08-30 05:43:32
449,Susan,King,DNI,82542966,Colombia,2023-03-02 16:38:40
450,Caitlin,Baker,CC,58684352,Chile,2023-11-07 17:48:28
451,Anthony,Lynch,DNI,87213220,Argentina,2024-12-21 08:36:51
452,Jennifer,Anderson,DNI,15883564,Chile,2023-03-11 18:51:01
453,Lindsey,Mccoy,CPF,80010271,Chile,2024-03-08 23:51:33
454,Mark,Wilson,CC,45553368,México,2024-12-26 01:10:26
455,James,Barron,CPF,92774838,Chile,2024-02-11 07:17:57
456,Lance,Hall,CC,22974646,Perú,2024-02-09 08:02:04
457,Michelle,Lewis,CC,58282449,México,2024-03-06 01:15:55
458,Marcus,Kirby,CPF,50437816,Perú,2023-10-14 18:46:02
459,Jacqueline,Gomez,RUT,88862538,Perú,2023-01-23 11:14:14
460,Kelly,Price,CC,78143460,Chile,2023-04-24 18:28:42
461,Douglas,Carroll,CC,73632880,Chile,2023-09-01 11:32:57
462,Michael,Washington,DNI,32264038,Argentina,2024-12-04 06:10:02
463,Christy,Conrad,CPF,20135207,México,2023-11-08 03:15:48
464,Caitlin,Lee,DNI,37551014,Chile,2024-07-29 08:28:51
465,Daniel,Bailey,RUT,88040175,Chile,2023-07-11 12:16:59
466,Brandon,Brown,DNI,68983214,Chile,2024-03-20 17:54:04
467,Brian,Smith,DNI,80671965,Perú,2023-08-10 15:42:23
468,John,Padilla,DNI,44966493,México,2023-11-26 03:39:05
469,Melissa,Hill,DNI,22870066,Perú,2023-11-03 14:48:20
470,Donald,Page,RUT,89486742,Argentina,2024-06-16 05:17:06
471,Alan,Williams,CPF,96549156,México,2023-05-02 02:40:33
472,Joshua,Blake,CPF,85721585,Chile,2024-02-16 00:04:54
473,Lori,Brown,CPF,44328650,Argentina,2023-11-04 08:00:42
474,Jonathan,Duran,CPF,95182445,Chile,2024-06-09 21:54:49
475,Carly,Allen,CC,33481385,México,2023-01-29 13:08:07
476,Michael,Williams,RUT,58326285,México,2023-09-15 00:05:23
477,Robert,Foster,CPF,69462902,Chile,2024-07-29 00:50:00
478,Jennifer,Yoder,CPF,89215036,Perú,2023-04-04 20:46:50
479,Felicia,Cantu,CPF,36101065,México,2024-10-06 21:34:31
480,Melissa,Cooper,RUT,14783463,Chile,2024-06-17 07:16:14
481,Jenna,Martinez,CC,91754734,Chile,2023-12-30 11:58:59
482,Timothy,Mitchell,CPF,53003245,Chile,2024-11-02 02:41:03
483,Calvin,Thompson,CC,58678983,Perú,2023-05-02 19:24:11
484,Tina,Jones,DNI,31715361,Colombia,2023-04-29 03:32:55
485,Jennifer,Diaz,RUT,68799547,Argentina,2023-06-01 05:38:34
486,Robin,Johnson,RUT,74779837,México,2024-07-01 04:09:48
487,Tasha,Reilly,DNI,16209763,México,2023-07-17 16:52:44
488,Victor,Brock,DNI,50022938,México,2024-06-12 05:51:53
489,Brenda,Norman,CC,67348125,Chile,2023-06-30 17:44:37
490,Phillip,Clark,DNI,32715388,Chile,2024-01-20 02:35:29
491,Michelle,Campbell,DNI,23048024,Perú,2023-06-28 05:29:40
492,Kelly,Gomez,CC,97794806,Colombia,2024-12-11 10:58:14
493,Jason,Bauer,RUT,40819647,Argentina,2024-10-03 16:48:43
494,Courtney,Mckee,CC,98570528,Argentina,2023-02-10 07:59:22
495,Andrew,Graham,CPF,32334506,Argentina,2023-07-13 20:07:27
496,Andrea,Lucas,CPF,51637881,México,2023-02-13 06:57:03
497,George,Singleton,CPF,94428830,Perú,2024-10-28 20:47:13
498,Deborah,Oliver,CC,39026976,México,2024-10-05 19:38:39
499,Tony,Wilson,CPF,55274541,Perú,2023-11-20 15:09:06
500,Jason,Tran,CC,48444891,México,2024-06-18 18:16:04
501,Nicholas,Harris,RUT,61738272,México,2023-11-12 04:42:01
502,Matthew,Jenkins,RUT,77009318,Argentina,2024-11-17 07:50:59
503,Luis,Smith,CC,53942950,Argentina,2024-04-26 03:05:58
504,Alexander,Ochoa,RUT,40948126,Chile,2023-10-30 05:15:36
505,Sheryl,Herrera,DNI,84829036,Perú,2023-08-20 03:48:16
506,Martha,Frye,CC,11819601,Perú,2024-10-05 06:05:26
507,Robin,Wolfe,CPF,19249997,Colombia,2024-03-12 01:38:52
508,Cathy,Smith,CPF,19494682,México,2024-01-18 11:50:00
509,Kelly,Hull,CPF,15785863,Perú,2023-01-26 17:38:21
510,Anthony,Sanders,CPF,81548173,Perú,2023-01-28 18:53:30
511,Jacqueline,Mcdaniel,CPF,49231410,Colombia,2025-01-20 03:21:53
512,Stephen,Rodriguez,DNI,58688652,Colombia,2024-01-27 19:56:04
513,Jennifer,Brown,DNI,21180378,Chile,2023-03-25 05:38:10
514,Matthew,Carson,CPF,89443122,Chile,2024-03-14 03:16:16
515,Ashley,Ellis,CPF,68144281,Colombia,2023-08-13 01:41:16
516,Timothy,Garcia,CC,19772890,Colombia,2024-08-12 03:05:06
517,Clayton,Miller,CPF,69821410,Colombia,2024-07-16 02:18:43
518,Margaret,Barnett,CPF,95672190,Chile,2023-05-30 12:29:17
519,James,Roberson,DNI,82974606,Colombia,2023-08-26 21:08:24
520,Luis,Johnson,DNI,66016771,Colombia,2024-11-22 07:42:48
521,Walter,Knapp,CC,49029118,Perú,2024-03-03 01:18:55
522,Karen,Davis,RUT,19381676,Argentina,2023-08-28 03:46:59
523,Anne,Cameron,CPF,20279368,Perú,2023-01-31 11:49:43
524,Matthew,Washington,RUT,82678991,México,2024-03-15 10:00:37
525,Candice,Walker,CC,81713550,Argentina,2024-04-01 20:35:35
526,Michael,Ellis,RUT,82002320,Perú,2023-02-26 21:36:41
527,Kyle,Parsons,DNI,28209586,México,2024-11-26 02:04:46
528,Gary,Johnson,DNI,96009687,Colombia,2023-07-11 08:58:39
529,Jonathan,Mathis,DNI,33055643,Colombia,2024-11-09 09:32:24
530,Joseph,Brennan,RUT,39835590,Colombia,2024-12-01 20:06:30
531,Jerry,Khan,CPF,86233028,Perú,2023-11-02 23:42:03
532,Kimberly,Snyder,DNI,38604560,Argentina,2023-12-13 10:40:17
533,Tonya,Chavez,CC,85764688,México,2024-03-13 07:25:29
534,Mary,Adams,RUT,23926066,Argentina,2023-10-13 11:33:14
535,Autumn,Peck,RUT,81546685,Perú,2024-09-20 03:51:07
536,Jeffrey,Russo,DNI,47975494,Argentina,2023-05-20 14:19:59
537,Kristin,Ayers,DNI,23219316,Perú,2023-03-01 06:23:58
538,Linda,Buchanan,RUT,94527205,Argentina,2024-05-28 05:14:06
539,Jacob,Alvarado,RUT,57843863,Argentina,2024-10-30 19:32:15
540,Alison,Brown,CC,40576620,México,2024-12-06 06:24:53
541,Steven,Walter,CC,56495963,México,2024-08-16 21:56:03
542,Robin,Hamilton,CC,14182756,Perú,2024-03-01 04:26:33
543,April,Willis,DNI,45324177,Perú,2023-10-24 05:56:11
544,Collin,Quinn,DNI,45956739,Colombia,2024-04-30 16:10:38
545,Amy,Hughes,CPF,53358608,Argentina,2024-02-27 07:40:45
546,Heather,Johnson,CPF,96415934,Perú,2024-09-16 17:30:05
547,Morgan,Williams,CC,25691282,México,2023-10-06 19:15:09
548,Pamela,Parrish,RUT,83943559,Argentina,2023-07-15 16:39:40
549,Christopher,Gardner,CPF,91276955,Perú,2023-03-03 14:40:54
550,Meagan,Williams,CC,40978850,Perú,2023-09-05 23:36:14
551,Claire,Soto,DNI,15211981,Argentina,2024-03-24 12:52:48
552,Stephanie,Henry,CPF,81225972,Colombia,2024-09-08 18:58:53
553,Monica,Gonzalez,CC,96078521,Perú,2024-02-21 07:04:37
554,Ian,Morris,DNI,74669455,México,2024-10-04 13:06:28
555,Audrey,Melton,DNI,57275528,Colombia,2024-11-25 14:58:46
556,Carmen,Humphrey,CPF,35160514,Argentina,2023-07-11 16:22:06
557,Travis,Miller,CPF,63419626,Perú,2023-06-10 02:20:55
558,Christopher,Harmon,CPF,99465159,Colombia,2024-02-02 02:14:44
559,Barbara,Williams,RUT,83319082,Argentina,2023-12-24 10:16:00
560,Kristen,Lopez,CPF,40366569,Perú,2023-11-18 13:14:01
561,Karen,Clark,RUT,71268945,Colombia,2023-09-06 15:22:12
562,Jason,Thompson,DNI,88744949,Argentina,2024-01-20 12:29:51
563,Jeffrey,Anderson,RUT,32591083,Chile,2023-02-14 03:27:58
564,Jenna,Harris,RUT,74454771,Chile,2023-08-13 09:32:36
565,Patricia,Riley,CPF,94648567,Chile,2023-07-05 11:19:13
566,Alexander,Mcclain,CC,70579294,Colombia,2024-06-27 23:18:01
567,Melissa,Garcia,DNI,86301405,Argentina,2024-02-14 02:34:21
568,Kevin,Gray,DNI,77310122,Colombia,2023-03-31 22:36:04
569,Keith,Brooks,DNI,75969957,Argentina,2024-09-20 09:13:43
570,Lisa,Malone,RUT,47462846,Colombia,2024-11-25 04:50:52
571,Richard,Martinez,CPF,83300678,Chile,2024-12-19 00:27:28
572,Larry,Johnson,DNI,83704725,Argentina,2023-12-13 19:44:44
573,Charles,Snyder,CC,46750361,Colombia,2024-03-04 22:28:15
574,Natalie,Hoffman,RUT,47712467,México,2025-01-15 18:09:37
575,Juan,Harris,CC,73930314,Colombia,2024-09-08 07:06:33
576,Caitlyn,Walters,CPF,83912036,México,2024-09-22 08:09:17
577,Hannah,Shannon,RUT,12338864,México,2023-12-16 23:09:02
578,Carla,Carrillo,DNI,12823854,Chile,2023-02-01 00:30:29
579,Antonio,Tyler,CPF,47138468,Chile,2023-03-05 02:01:56
580,Matthew,Lane,DNI,81674706,Perú,2024-08-14 01:01:58
581,John,Peterson,CC,68496677,Colombia,2023-07-12 01:32:51
582,Dana,Brown,DNI,10081364,Perú,2024-09-27 08:56:27
583,Holly,Roman,CC,24039497,Chile,2024-04-11 07:45:31
584,John,Hanson,DNI,72451207,México,2024-01-30 01:45:29
585,Anthony,Trujillo,RUT,21837375,Argentina,2023-07-31 07:48:44
586,Jonathan,Johnson,DNI,57598951,Chile,2024-01-06 10:43:30
587,Amber,Shah,DNI,72634570,Perú,2024-01-25 14:04:18
588,Randy,Hughes,CPF,10982255,México,2023-09-13 13:58:29
589,Matthew,Jones,CPF,41883291,Perú,2024-09-05 20:52:19
590,Jessica,Strong,CPF,96301152,Perú,2023-05-03 18:33:59
591,Kelly,Bonilla,RUT,17821821,Colombia,2023-06-10 15:23:37
592,Dan,Villanueva,CC,56410603,Argentina,2023-06-25 17:07:57
593,Brian,Parker,CPF,64961070,Argentina,2023-12-14 12:03:09
594,Robert,Johnson,CC,65441708,México,2023-12-01 09:02:24
595,Marvin,Brooks,RUT,46480075,Perú,2024-08-27 10:30:46
596,Daniel,Johnson,DNI,91227365,México,2023-04-15 09:09:05
597,Randy,Perez,DNI,14264207,Colombia,2024-03-20 06:44:07
598,James,Collins,CC,47405078,Chile,2024-03-05 13:43:46
599,Mercedes,Berry,RUT,63450410,Perú,2024-07-07 08:18:20
600,Rick,Ryan,DNI,77871186,México,2024-07-28 03:54:04
601,Sandra,Shields,DNI,97708477,México,2024-03-05 19:25:49
602,Susan,Meyer,CC,66487977,Chile,2024-03-31 05:30:42
603,Kristen,Hall,CPF,19487090,México,2024-09-25 12:09:50
604,Heather,Mccoy,CPF,71002753,México,2024-12-25 18:48:06
605,Ryan,Holland,CPF,79892736,Perú,2023-09-28 05:32:09
606,Roy,Walker,CC,94112862,Chile,2024-04-20 09:24:07
607,David,Thomas,CC,51515851,Chile,2023-07-02 01:34:35
608,Lauren,Floyd,CC,77816173,México,2024-05-22 02:44:54
609,Jake,Miller,CPF,85074697,Perú,2024-03-02 05:00:12
610,Samantha,Davis,CPF,99952859,Argentina,2024-09-22 15:14:00
611,Leah,Anderson,CPF,34648794,Perú,2024-11-12 19:17:52
612,Jennifer,Cole,CPF,46580377,Perú,2023-06-02 17:44:41
613,Kimberly,Kaufman,CC,80190502,México,2023-04-13 22:13:52
614,Jessica,Hansen,DNI,50288432,Colombia,2024-05-09 23:34:49
615,Thomas,Bates,CPF,35309703,Chile,2023-08-11 13:54:22
616,Julie,Castaneda,DNI,31219890,Perú,2024-06-01 02:22:09
617,Julie,Walker,RUT,82593000,Colombia,2024-05-10 20:25:30
618,Randall,Hicks,CPF,21032613,Perú,2024-12-13 02:31:42
619,Raymond,Dyer,CPF,12658468,Argentina,2023-07-21 20:48:21
620,Aaron,Hernandez,DNI,31007450,México,2024-08-12 17:09:30
621,Alicia,Raymond,DNI,89382115,Perú,2024-06-26 06:05:25
622,Lindsey,Johnston,DNI,95591971,Perú,2024-04-12 02:19:09
623,Miranda,Fitzpatrick,RUT,74708829,Colombia,2023-03-20 00:31:58
624,Robert,Jennings,RUT,66309413,Colombia,2024-07-28 04:09:42
625,Amy,Floyd,RUT,26554487,México,2024-09-06 11:56:19
626,Alexis,Moses,CC,76522334,Perú,2024-07-09 23:07:55
627,Seth,Miller,RUT,61758233,Argentina,2024-06-24 22:05:07
628,Brandi,Jones,CC,90718439,México,2023-02-22 02:43:53
629,Briana,Randolph,CPF,34182743,Perú,2024-05-15 19:21:07
630,Justin,Nichols,RUT,80316649,Perú,2024-05-14 14:18:08
631,Stephanie,Lamb,DNI,63675043,Argentina,2023-12-10 01:51:36
632,Danielle,Rosario,RUT,62347564,Colombia,2023-08-19 17:05:53
633,Breanna,Barnes,DNI,76341342,Perú,2024-12-05 18:50:39
634,Sandra,Ramirez,CC,51557441,Colombia,2024-11-22 15:14:04
635,Peggy,Williams,CC,73921173,Argentina,2023-06-03 15:53:56
636,Johnny,Davis,CC,51254696,Colombia,2024-05-27 03:43:05
637,Candace,Smith,RUT,96363288,Perú,2023-10-24 23:38:53
638,Travis,Pope,RUT,13589971,Chile,2024-07-20 10:26:18
639,Barbara,Wilson,CPF,50929681,Colombia,2023-08-03 21:40:08
640,Jessica,Boyd,CPF,78441764,Argentina,2024-10-06 16:09:00
641,Diana,Campbell,DNI,91038871,México,2024-10-05 21:09:39
642,April,Stone,DNI,56628588,México,2024-05-02 13:52:02
643,Lindsey,Sloan,DNI,64903803,Chile,2024-06-29 07:10:18
644,Bruce,Henson,DNI,83901794,Colombia,2023-08-11 07:48:25
645,David,Russo,CPF,14968386,Argentina,2024-01-26 12:06:06
646,Steven,Young,CPF,49705986,Colombia,2023-10-19 08:36:20
647,Stephanie,Campbell,DNI,13236361,Perú,2023-11-19 04:49:46
648,Krystal,Nelson,CC,21159958,Argentina,2023-05-25 15:01:23
649,Holly,Garcia,CC,69385775,Chile,2023-03-04 06:24:26
650,Daniel,Jones,CC,75379303,Chile,2024-10-04 12:11:58
651,Monica,Bryant,CPF,90203936,México,2024-11-20 02:45:49
652,Mike,Graham,CC,91761129,Perú,2023-12-14 15:38:05
653,Joseph,Mullen,CC,85348627,Perú,2024-06-15 06:50:33
654,Clayton,Pena,CPF,27148695,México,2023-07-24 23:16:27
655,Matthew,Harper,CC,50372355,Perú,2024-02-17 16:07:36
656,Kenneth,Robbins,RUT,11579587,México,2023-01-27 17:09:10
657,Micheal,Molina,CC,46777499,Argentina,2023-05-11 13:45:56
658,Paula,Rogers,DNI,27307227,Perú,2024-11-29 09:47:38
659,David,Romero,CPF,84635579,Chile,2024-02-12 19:35:17
660,Traci,Kaiser,CC,34438642,Chile,2023-07-03 02:37:22
661,Frank,Edwards,DNI,18053736,Colombia,2024-10-22 14:36:19
662,Mary,Villa,RUT,97678131,Colombia,2024-12-25 06:56:13
663,Claire,Villa,RUT,62108846,México,2023-09-28 11:08:27
664,Marissa,Jones,CPF,95669100,México,2023-08-18 21:26:14
665,Lindsay,Duran,CC,79817121,Perú,2023-05-10 12:38:52
666,Karla,Weaver,CC,46176578,México,2024-04-04 13:52:38
667,Alicia,Coleman,DNI,10276151,Argentina,2024-08-04 12:33:53
668,Matthew,Pitts,RUT,95788557,Perú,2024-12-11 22:57:31
669,Eric,Brown,RUT,78039141,Argentina,2024-01-26 19:59:15
670,Dawn,Johnson,RUT,90605608,Chile,2024-08-23 04:28:29
671,Jason,Hernandez,RUT,33642972,Colombia,2024-01-29 04:52:32
672,Matthew,Diaz,CC,57892446,México,2024-11-01 22:51:25
673,Jared,Shaffer,CPF,22703975,Chile,2023-09-28 10:52:58
674,Katie,Miller,CC,35192418,Perú,2024-06-25 18:37:21
675,Jason,Webb,RUT,90584501,Colombia,2024-03-21 12:59:13
676,Jennifer,Livingston,CC,89749786,Argentina,2023-10-13 17:14:58
677,Sally,Wheeler,RUT,10648047,Argentina,2023-04-05 00:46:34
678,Michael,Carroll,CC,99618922,Chile,2023-05-31 07:17:38
679,Daniel,Ray,CC,19156226,México,2023-08-08 22:17:10
680,Dave,Garcia,CC,79137149,México,2023-03-29 23:44:49
681,Andrea,Alvarez,RUT,39255582,Argentina,2024-02-25 16:19:46
682,Christopher,Alvarez,RUT,30419444,Argentina,2023-02-24 01:40:29
683,Scott,Cruz,RUT,63840736,Argentina,2024-09-20 09:59:21
684,Samantha,Johnson,CC,87492462,Perú,2024-08-09 08:45:13
685,Jeff,Dunn,RUT,83194917,México,2024-06-28 22:05:57
686,David,Jones,RUT,32818571,Perú,2024-07-31 21:32:46
687,Kristina,Sanchez,RUT,78415708,Perú,2025-01-08 09:50:34
688,Bailey,Shaw,DNI,96644505,Argentina,2023-02-20 00:40:04
689,Christopher,Woods,RUT,28830965,Colombia,2023-02-02 02:26:02
690,Sarah,Lee,DNI,29159643,México,2024-05-24 09:40:19
691,Sue,Hull,CC,60256365,México,2023-09-11 07:34:13
692,Tiffany,Baldwin,DNI,17174608,Argentina,2023-11-17 18:29:07
693,Matthew,Clark,CC,67965691,Chile,2024-07-29 17:05:01
694,Thomas,Ward,CC,38603429,Perú,2024-07-13 12:41:50
695,Matthew,Williams,CC,28210068,México,2023-07-08 10:43:38
696,Joseph,Jones,RUT,96724019,Argentina,2024-09-28 04:31:47
697,Patrick,Cobb,DNI,71679568,México,2023-03-11 05:01:37
698,Roy,Sanders,RUT,59988740,Argentina,2024-10-25 10:13:59
699,Dalton,Jones,RUT,77889293,Colombia,2024-04-06 01:12:56
700,David,Cross,RUT,99079508,Argentina,2023-09-27 03:09:24
701,Patrick,Phelps,CPF,37752923,Chile,2023-11-23 16:45:47
702,Jennifer,Green,DNI,95899308,México,2024-01-18 03:00:59
703,Shawna,Gibbs,CC,42010401,Argentina,2024-04-26 01:17:17
704,Katherine,Gillespie,CPF,30740025,México,2024-11-11 07:29:45
705,Amy,Hood,DNI,47025902,Perú,2024-01-26 04:12:02
706,Emily,Sandoval,DNI,27735824,Argentina,2023-08-28 00:39:09
707,Andrea,Barrett,CPF,69285660,México,2024-09-13 16:07:07
708,Lindsay,Middleton,CPF,20973184,Chile,2024-05-05 17:17:52
709,Melanie,Vega,CC,96195100,Perú,2024-04-25 04:57:18
710,Gloria,Marsh,DNI,85125392,Argentina,2023-11-04 12:03:22
711,Donna,Hendrix,CC,16867364,Argentina,2023-06-20 18:28:23
712,William,Acevedo,CC,26648647,Perú,2024-06-22 19:30:49
713,Robert,Cox,CPF,64680804,Colombia,2023-11-20 15:03:01
714,Laura,Salazar,DNI,27079668,México,2024-01-20 10:12:38
715,Shelley,Freeman,RUT,99732278,Chile,2023-02-08 12:02:11
716,Jose,Dawson,CC,12708121,México,2023-09-28 10:54:20
717,Fernando,James,DNI,93166902,Perú,2023-12-06 18:36:47
718,Trevor,Scott,CPF,68659415,México,2024-06-21 16:20:16
719,David,Avila,RUT,18267577,Perú,2024-12-04 19:24:37
720,Shawn,Stone,DNI,94646526,Argentina,2023-06-09 23:59:18
721,Luke,Richardson,CPF,41384093,Argentina,2024-11-23 04:02:49
722,Elizabeth,Smith,CPF,64465223,Chile,2024-04-28 22:42:45
723,Linda,Caldwell,RUT,63870621,Perú,2024-06-29 02:07:55
724,Christopher,Brown,DNI,93700506,México,2024-08-17 08:36:55
725,Jennifer,Brooks,RUT,78103149,México,2023-05-13 15:33:17
726,Tyrone,Miller,CC,25521751,Perú,2024-05-21 08:02:38
727,Paul,Watkins,RUT,63564092,Argentina,2024-09-07 11:53:31
728,Joshua,Chavez,CC,47295108,Colombia,2023-12-29 14:48:02
729,Daniel,Newman,DNI,20565845,Chile,2023-07-01 23:17:35
730,David,Chapman,RUT,85540426,Perú,2023-06-23 01:11:23
731,Donna,Blair,CC,58896961,Perú,2023-01-25 21:20:38
732,Lisa,Proctor,RUT,34806166,Perú,2024-09-10 00:48:58
733,Nicole,Duncan,CC,29318040,México,2023-05-28 01:56:50
734,Carl,Nelson,CC,93393480,Argentina,2023-09-20 11:38:37
735,William,Reed,RUT,57573772,Argentina,2023-04-11 00:07:11
736,Debra,Cole,DNI,35192932,Colombia,2024-03-03 15:02:23
737,Jeanette,Goodwin,RUT,41450500,Argentina,2024-07-05 18:29:36
738,Carrie,Fox,RUT,50191099,México,2023-07-09 09:15:53
739,Elizabeth,Hudson,RUT,60906785,Argentina,2023-05-06 02:29:18
740,April,Kirk,DNI,47635668,Argentina,2024-04-08 17:40:46
741,John,Griffith,RUT,20397418,Colombia,2023-05-31 21:26:52
742,Kelsey,Jones,CPF,38877286,Perú,2024-02-10 03:52:00
743,Benjamin,Long,CPF,45136016,Perú,2024-10-12 00:45:53
744,Adam,Gill,CPF,53221851,México,2023-09-12 16:35:49
745,Julie,Thompson,RUT,44468878,México,2024-01-07 11:23:31
746,Christina,Padilla,RUT,68653860,México,2024-01-26 17:22:15
747,Diana,Thompson,DNI,80660091,Chile,2023-11-20 01:32:13
748,Meghan,Ponce,CC,63940739,Chile,2024-08-08 20:23:39
749,Cheryl,Smith,CPF,71943912,Perú,2023-09-27 16:04:06
750,Anna,Castillo,CPF,45193097,Argentina,2023-06-25 07:04:23
751,Andrew,Harrison,DNI,18524971,Colombia,2023-05-05 20:20:33
752,Todd,Parks,RUT,76273850,Chile,2024-06-09 19:40:20
753,Traci,Mcpherson,CPF,56202937,Chile,2024-02-26 06:44:06
754,Courtney,Garcia,DNI,77071099,Perú,2023-12-24 07:13:50
755,David,Foster,CC,53677299,Colombia,2024-10-02 09:56:13
756,Darrell,Levine,CPF,66713407,Chile,2023-08-30 11:30:30
757,Brenda,Cooper,RUT,77443190,Argentina,2023-04-06 09:10:40
758,Christina,Le,DNI,41000138,Argentina,2024-06-08 22:28:25
759,Katie,Munoz,DNI,71384792,Colombia,2024-05-21 23:20:45
760,Melissa,Davis,RUT,69112713,México,2024-07-05 06:07:08
761,Thomas,Fields,CC,16192043,Argentina,2023-06-30 21:59:23
762,Ryan,Barrera,CPF,33745080,Argentina,2024-05-16 21:34:29
763,Austin,Smith,RUT,24651097,México,2023-05-23 13:53:56
764,Stephen,Smith,CPF,84110281,Chile,2024-10-18 08:23:08
765,Brianna,Rodriguez,RUT,57839921,Chile,2023-12-26 06:03:41
766,Melanie,Quinn,CPF,31808949,Chile,2023-01-30 23:13:48
767,Joyce,Kelly,RUT,25877600,Colombia,2023-03-24 17:33:52
768,Sara,Villa,CPF,83721885,Perú,2023-10-19 13:53:37
769,Shane,Horn,RUT,51100074,Colombia,2024-06-11 13:17:28
770,Alexandra,Small,CC,94614100,Colombia,2023-07-14 06:04:57
771,Matthew,Williams,CPF,22492294,Chile,2024-04-20 19:01:17
772,David,Jones,CPF,48078919,Argentina,2023-02-28 14:14:49
773,Tyler,Valentine,DNI,96388172,Perú,2023-02-19 01:20:06
774,David,Marshall,CPF,22341452,Colombia,2023-12-31 12:23:12
775,Gabriel,Johnson,CC,74531960,Perú,2023-11-20 21:45:31
776,Joseph,Powell,RUT,86557617,Colombia,2024-09-23 19:20:44
777,Kevin,Becker,RUT,83550080,Chile,2024-10-13 07:06:52
778,Karen,Schultz,CPF,62451053,Colombia,2024-02-27 12:40:41
779,Mikayla,Gonzalez,CC,49189011,Perú,2023-03-21 05:08:05
780,Ryan,Gutierrez,CC,69483646,Argentina,2023-04-22 01:30:06
781,Randy,Lambert,CC,13163179,Perú,2023-07-08 05:01:23
782,Gwendolyn,Cox,RUT,96810312,Colombia,2023-07-07 07:40:39
783,Nicole,Cruz,CPF,17500885,Chile,2023-12-16 09:32:57
784,Michael,Taylor,RUT,38845548,Chile,2024-05-20 04:22:38
785,Lori,Bailey,CPF,14443624,Chile,2023-02-24 15:29:05
786,Elizabeth,Zimmerman,CPF,77482658,Argentina,2023-11-26 13:15:57
787,Melissa,Brown,RUT,42653865,Colombia,2024-05-28 20:53:28
788,Rachael,Bradshaw,DNI,90116924,Chile,2023-08-25 03:26:07
789,Tamara,Bailey,CPF,22814840,México,2023-06-02 07:59:25
790,Karen,Garcia,DNI,65392601,Argentina,2024-04-08 07:29:33
791,Michael,Martin,DNI,99824902,Colombia,2023-09-14 09:46:11
792,Krista,Knapp,RUT,59564430,Colombia,2024-02-02 19:35:18
793,Richard,Smith,RUT,37211523,Perú,2023-09-09 04:09:41
794,Jason,Morales,DNI,69149781,Chile,2023-06-03 20:36:12
795,Tracy,Gordon,DNI,54235905,Argentina,2023-02-20 09:17:27
796,Nathan,Sharp,CC,29819849,Perú,2024-04-28 15:13:35
797,Andrew,Marquez,CC,98474772,Perú,2024-10-26 10:43:11
798,Alejandra,Jones,CC,56881260,Colombia,2023-06-17 05:44:02
799,Sara,Rivera,CC,91298832,Perú,2024-12-04 01:49:57
800,Aaron,Russo,RUT,92533703,Argentina,2024-02-03 12:16:29
801,Megan,Holmes,CC,22341494,Colombia,2024-11-04 18:08:43
802,Matthew,Lee,DNI,16750125,Chile,2024-11-27 19:52:25
803,Jennifer,Cantu,RUT,54265157,Colombia,2023-02-25 15:51:04
804,Kevin,Proctor,CC,41342915,Argentina,2023-12-13 11:44:19
805,Kevin,Vang,CC,85156753,México,2023-10-12 11:19:52
806,Valerie,Thompson,DNI,32002711,Perú,2024-03-02 17:53:41
807,Stephen,Hudson,DNI,59006221,Perú,2023-04-04 00:44:54
808,Bethany,Ibarra,RUT,60028511,Colombia,2024-12-04 04:34:58
809,Keith,Woods,RUT,11742680,Chile,2024-01-18 18:34:47
810,Michelle,Lawson,DNI,19908374,Colombia,2024-12-24 23:44:57
811,Susan,Long,CC,69882584,México,2025-01-07 07:40:10
812,Keith,Lewis,RUT,28057341,Argentina,2024-06-12 02:54:50
813,Jason,Kennedy,DNI,95211757,México,2024-12-18 21:58:00
814,Jerry,Lewis,DNI,39884032,Chile,2023-01-29 07:21:11
815,Cindy,Blair,CC,75807010,Argentina,2024-09-13 01:50:26
816,Taylor,Rodriguez,RUT,89867526,Argentina,2024-08-27 03:14:26
817,Amber,White,DNI,40794091,Perú,2024-10-12 22:30:41
818,Justin,Buckley,RUT,92879197,Chile,2024-04-14 04:22:45
819,Chad,Pierce,CC,87121251,México,2023-09-14 07:12:49
820,Jennifer,Stanley,DNI,20553825,Perú,2023-04-07 20:18:27
821,Stacey,Pierce,DNI,12308044,Perú,2023-02-19 22:44:14
822,Michelle,Smith,RUT,54846803,Argentina,2024-06-12 18:20:03
823,Lisa,Jacobs,CC,76745654,Colombia,2024-12-02 22:15:07
824,Mary,Thomas,RUT,95077687,México,2024-12-04 21:00:30
825,Brittany,Ward,RUT,91657774,México,2023-02-02 09:18:19
826,Michael,Nelson,DNI,28694623,Chile,2023-04-26 22:53:30
827,Miguel,Carter,RUT,99938597,Chile,2023-04-06 22:28:14
828,James,Gaines,DNI,98677940,Chile,2023-08-30 15:36:26
829,Elizabeth,Robinson,DNI,21145847,Argentina,2023-12-26 18:58:28
830,Nathaniel,Ramos,CPF,44635856,Colombia,2025-01-07 11:01:59
831,Michelle,Collins,RUT,31209054,Perú,2023-12-25 18:48:58
832,Robert,Moore,RUT,98328855,Colombia,2023-12-31 14:34:54
833,Juan,Nolan,CPF,51954515,Argentina,2024-04-10 00:33:00
834,Martin,Cook,CC,30230123,Chile,2024-03-13 18:03:11
835,Kathleen,Guzman,RUT,67514052,México,2024-04-03 05:19:36
836,James,Hammond,RUT,70412852,Argentina,2024-05-15 05:03:41
837,Christina,Hall,CC,89685646,Chile,2024-04-16 03:48:31
838,Sheila,Collins,RUT,64740437,Perú,2024-11-20 03:50:00
839,Ryan,Roth,DNI,76430679,Colombia,2023-11-01 07:17:39
840,Kelsey,Hoover,CPF,73256631,Perú,2024-10-15 23:09:23
841,Meghan,May,CPF,57117804,Colombia,2023-08-25 14:36:34
842,James,Gordon,DNI,88073834,México,2024-09-25 09:55:34
843,Robert,Hernandez,CPF,94060678,Chile,2023-11-18 09:43:08
844,Jeffrey,Petersen,CPF,87106181,Colombia,2023-07-08 02:22:35
845,Peter,Morgan,DNI,65530201,Chile,2023-09-20 00:51:18
846,Christine,King,DNI,33719106,Argentina,2023-12-09 07:48:32
847,Christopher,Taylor,CC,44138444,Perú,2023-05-14 23:41:21
848,Cody,Jackson,DNI,69936119,Chile,2024-12-27 19:14:33
849,Robert,Chaney,DNI,24565530,Colombia,2023-06-04 21:45:31
850,Elizabeth,Lynn,CPF,38824592,Argentina,2024-06-06 15:22:53
851,Jeremy,Baker,RUT,84201870,Argentina,2023-05-24 12:32:17
852,Courtney,Smith,CPF,19955613,Colombia,2023-06-30 02:10:29
853,Kim,Burns,CPF,61247279,Colombia,2024-08-06 12:57:32
854,Ashley,Fleming,DNI,68895637,Chile,2024-06-27 12:14:27
855,Cynthia,Vasquez,DNI,67059599,Chile,2023-06-12 12:04:46
856,Jonathan,Collins,RUT,80962544,Perú,2024-12-13 07:43:27
857,Cole,Blair,CC,76913162,Chile,2024-08-01 08:58:38
858,Katherine,Gray,RUT,12310519,Chile,2023-06-22 12:28:25
859,Edward,Nelson,CPF,10164559,Perú,2023-03-30 06:14:17
860,Michael,Martinez,RUT,18847322,México,2024-03-30 15:55:25
861,Jason,Randall,DNI,32864309,México,2023-04-04 00:56:06
862,Mckenzie,Clark,CC,10656782,Colombia,2024-05-21 01:28:43
863,Katie,Alvarado,RUT,61391074,Colombia,2023-09-14 16:19:11
864,Mario,Lin,DNI,62369480,Perú,2024-02-26 03:38:21
865,Vanessa,Meyer,CC,67214070,México,2023-07-22 00:30:04
866,John,Jackson,CPF,26735841,Colombia,2023-08-12 12:25:59
867,Crystal,Simon,RUT,97589831,Perú,2024-12-23 03:07:11
868,Robert,Hill,CC,76873299,Perú,2024-06-16 11:09:26
869,Michael,Powers,CC,20223617,Perú,2023-09-04 12:04:59
870,Gary,Mason,RUT,95211137,Argentina,2024-03-07 18:10:33
871,Michael,Cole,CC,71782822,Colombia,2023-06-20 12:18:25
872,Lisa,Weaver,DNI,52702069,Argentina,2024-02-14 08:58:33
873,Deborah,Chambers,RUT,81766731,Chile,2025-01-15 11:18:31
874,Samantha,Brown,CPF,29009074,Colombia,2024-02-29 23:30:47
875,Brandon,Jefferson,DNI,40149200,Colombia,2023-12-23 22:12:45
876,Patricia,Lopez,CPF,41488454,Chile,2024-12-10 11:06:34
877,Timothy,Holmes,DNI,62244866,Colombia,2024-04-05 03:16:26
878,Andrew,Dodson,RUT,41500836,México,2023-04-18 12:29:19
879,Angela,Young,DNI,94388515,Perú,2024-03-25 23:44:18
880,Patrick,Shepherd,CC,44768360,México,2023-09-15 03:02:32
881,Sarah,Jennings,RUT,56413635,Colombia,2024-10-25 20:57:06
882,Luke,Allen,RUT,57617866,Perú,2023-06-08 06:35:29
883,Rick,Delgado,RUT,79398526,Chile,2024-03-03 08:33:26
884,Derek,Miller,RUT,65337911,Perú,2024-07-17 02:19:02
885,Ryan,Jackson,RUT,93435321,Chile,2023-03-01 16:14:31
886,Amy,Contreras,CPF,31860094,Argentina,2024-06-07 01:45:41
887,Bonnie,Long,RUT,66878941,Perú,2024-07-25 20:31:21
888,Dustin,Keith,CC,38097576,México,2024-11-15 08:29:43
889,Dustin,Fernandez,DNI,12373672,Argentina,2024-09-17 02:38:30
890,Eric,Gonzales,DNI,39984200,Colombia,2024-10-03 19:39:32
891,Summer,Lane,CC,27028365,Chile,2024-11-16 13:41:50
892,Faith,Cannon,DNI,40783267,Argentina,2024-04-08 10:18:46
893,Erika,Rowland,RUT,27259047,México,2023-03-17 00:12:47
894,Jacob,Cortez,DNI,45485084,Chile,2023-07-18 03:00:54
895,Martha,Matthews,CC,38655006,Colombia,2024-02-26 12:39:29
896,Mary,Solomon,CC,61905041,Perú,2024-07-14 10:41:18
897,Anthony,Miller,CPF,39959031,Chile,2023-11-01 15:22:46
898,Kenneth,Hernandez,CPF,69712664,Perú,2024-06-12 01:40:36
899,James,Shea,RUT,46839098,México,2023-11-13 16:58:46
900,Mark,Delgado,RUT,17084852,Argentina,2024-04-15 20:10:16
901,Dakota,Ramos,CC,33579186,Chile,2025-01-02 17:36:10
902,Noah,Patel,CPF,84620628,México,2024-04-20 02:17:01
903,Savannah,Buck,CPF,72578722,México,2024-02-15 22:24:03
904,Jennifer,Edwards,RUT,35112843,Perú,2023-12-19 10:18:13
905,Dawn,Gray,CC,14739988,México,2024-07-04 13:40:30
906,Roger,Hicks,CPF,92962241,Argentina,2025-01-06 08:26:31
907,Christopher,Franklin,RUT,14991531,Chile,2024-12-17 00:10:07
908,Michael,Atkins,CPF,17133925,Argentina,2023-04-17 08:35:36
909,Robert,Mcmillan,RUT,54004318,Colombia,2023-03-08 15:44:09
910,James,Mccormick,CC,39691023,Argentina,2025-01-16 17:53:08
911,Troy,Haynes,RUT,19866239,Perú,2024-08-09 02:29:33
912,Nicole,Escobar,CPF,96257529,Colombia,2023-03-28 10:04:19
913,Brandy,Espinoza,CC,36232847,Colombia,2023-03-01 08:27:49
914,Andrew,Nelson,CC,84106456,Perú,2023-05-21 18:58:55
915,Darryl,Boyd,CPF,85438134,México,2024-07-19 17:48:36
916,Christina,Lane,CPF,70373543,Chile,2024-11-24 22:35:29
917,Michael,Romero,DNI,25305227,Argentina,2023-04-23 21:28:14
918,Heather,Anderson,RUT,97902974,Chile,2024-05-28 09:51:54
919,Michael,Mccormick,CPF,23002575,México,2023-12-10 07:54:00
920,William,Molina,CPF,61809536,Chile,2024-05-18 13:08:27
921,Dalton,Wallace,DNI,68966730,México,2025-01-02 01:15:33
922,Bradley,Williams,CC,98086630,Colombia,2024-07-25 14:28:06
923,Lisa,Foster,DNI,89843361,Perú,2024-05-06 02:20:38
924,Nancy,Beck,CC,91247526,Chile,2024-10-23 02:06:19
925,Erik,Jones,CC,87421875,Perú,2023-05-15 21:55:38
926,Allen,Reynolds,CC,94115406,Argentina,2023-12-07 05:19:45
927,Matthew,Hurley,CC,53534147,Perú,2024-11-25 18:58:38
928,John,Smith,DNI,73260425,Colombia,2024-10-02 10:04:28
929,Keith,Davis,DNI,61284760,Perú,2023-02-23 22:02:22
930,Heather,Stephens,DNI,14840627,Chile,2023-04-14 14:23:00
931,Becky,Williams,CPF,64076882,Chile,2023-10-14 21:24:19
932,Donna,Taylor,CPF,47119625,Argentina,2023-04-22 04:26:27
933,Angela,Garrett,CPF,85988790,Perú,2023-08-13 16:47:31
934,Barry,Walsh,RUT,94509402,Colombia,2024-07-25 04:48:08
935,Michael,Black,CC,51899163,Perú,2023-11-09 15:37:31
936,Jonathan,Petersen,CC,28688156,Chile,2024-10-17 18:55:41
937,Jennifer,Martin,CC,36129898,Argentina,2024-04-26 13:54:40
938,Cathy,Lutz,RUT,45928100,Chile,2023-02-12 13:05:54
939,Claudia,Mills,CC,57170389,México,2024-05-20 15:32:00
940,Rhonda,Wheeler,CC,86211764,Chile,2023-01-24 10:02:23
941,Kyle,Smith,CC,13357775,Argentina,2023-08-11 02:37:21
942,Rebecca,Andrews,RUT,94784931,México,2024-10-01 19:57:15
943,Kathleen,Bruce,DNI,29713518,México,2024-01-09 19:39:45
944,Suzanne,Wright,CPF,16435570,Colombia,2024-11-02 11:19:55
945,Amanda,Olson,DNI,85349561,México,2024-05-25 16:08:15
946,William,Anderson,RUT,27703769,Perú,2023-07-18 04:21:05
947,Vickie,Smith,RUT,65211831,Colombia,2024-06-26 02:46:33
948,William,Cisneros,RUT,99406508,Argentina,2023-07-19 09:38:37
949,Jesse,Smith,CPF,46681355,Perú,2024-03-25 06:56:54
950,Laura,Glenn,CPF,13384486,Colombia,2023-07-06 21:47:18
951,Heather,Rivas,CC,54989160,Colombia,2023-07-19 21:29:46
952,Richard,Maldonado,CC,18965462,Argentina,2023-05-08 04:10:17
953,Grace,Morgan,DNI,59783720,Perú,2024-02-23 04:43:15
954,Randy,Alvarado,RUT,86890446,México,2023-04-06 03:14:52
955,Thomas,Brooks,RUT,72992395,Chile,2024-08-26 20:54:44
956,Taylor,Sparks,RUT,45391608,México,2023-03-17 13:53:14
957,Jeffrey,Arnold,CPF,96155685,Colombia,2023-07-01 06:08:33
958,Jamie,Chavez,DNI,21296438,Perú,2023-03-13 14:25:42
959,Madison,Anderson,RUT,37785434,Argentina,2024-08-11 08:26:38
960,Nicholas,Davis,DNI,44978931,México,2023-03-28 20:26:47
961,Jesse,Mooney,RUT,19803465,Colombia,2024-11-07 16:56:11
962,Mark,Williamson,DNI,52007111,Chile,2024-05-03 03:53:02
963,Adrian,Miller,CC,70824023,Colombia,2024-11-07 11:12:15
964,Angela,Stewart,DNI,42142646,México,2023-12-27 23:10:34
965,Clinton,Gallagher,DNI,19933925,Colombia,2024-03-06 19:19:51
966,Shannon,Adams,DNI,45304936,Perú,2024-04-28 18:34:34
967,Michael,Jackson,CC,63390947,Argentina,2023-11-02 13:46:25
968,Benjamin,Riggs,CPF,37743444,México,2024-03-26 18:07:09
969,Jacqueline,Rangel,CPF,29733924,México,2024-12-25 07:31:54
970,Lindsay,Aguilar,CC,83477632,Colombia,2024-10-01 13:13:12
971,Stephanie,Vega,DNI,35348607,Perú,2023-04-15 15:53:13
972,Trevor,Miller,CC,71454305,Colombia,2024-11-28 10:02:04
973,Angel,King,CPF,36890960,México,2024-03-23 02:43:27
974,Donna,Johnson,RUT,16921826,México,2023-09-10 11:26:37
975,Teresa,Daniels,CC,26013072,Chile,2023-12-09 12:16:23
976,Christina,Thomas,RUT,63954261,Colombia,2024-03-26 23:54:29
977,John,Cox,DNI,69317164,México,2024-02-11 17:33:51
978,Allen,Becker,CC,55572973,Chile,2024-08-05 20:01:15
979,Julie,Rivera,CPF,57084764,Perú,2024-07-24 06:59:46
980,Bradley,Hunter,CC,39423360,Colombia,2023-11-13 19:38:50
981,Barry,Barber,CC,32581663,Colombia,2024-08-13 05:49:48
982,Corey,Bowen,CC,92126719,Colombia,2023-10-30 07:57:29
983,Kimberly,Taylor,CC,69793630,Argentina,2023-05-07 23:39:01
984,Carolyn,Colon,CC,62915890,Colombia,2024-12-13 14:16:04
985,Matthew,Johnson,CC,18738330,México,2023-11-04 03:17:22
986,Gregory,Roach,CPF,57239749,Perú,2023-04-24 05:32:54
987,Amber,Compton,CPF,90009879,Chile,2024-05-19 03:33:58
988,Edwin,Leonard,RUT,34710840,Perú,2024-02-04 09:03:01
989,Tammy,Stewart,DNI,10418012,Argentina,2024-02-12 00:06:41
990,Daniel,Lopez,CPF,53722145,Argentina,2023-07-18 15:33:37
991,Monica,Humphrey,CC,81045326,Colombia,2025-01-04 05:39:05
992,Sarah,Lewis,CPF,64161652,Colombia,2023-02-16 12:59:01
993,Norma,Palmer,RUT,19334681,Argentina,2023-07-07 14:53:14
994,Larry,Green,CPF,62609258,México,2023-02-28 03:25:16
995,Devon,Williams,DNI,39681351,Chile,2024-06-24 18:59:27
996,Luis,Terry,CPF,57476854,Argentina,2024-07-27 09:30:57
997,Brendan,Martinez,CPF,21458293,México,2024-08-26 11:46:30
998,Christopher,Meyer,CPF,99110146,Colombia,2024-06-26 04:28:29
999,Bradley,Allen,DNI,29794830,Argentina,2023-11-20 04:22:45
1000,Jerry,Ruiz,CPF,42037453,Colombia,2024-02-13 22:02:29
